,gnn_style,r2_test,r2_train,run_time,l_x,l_y,hidden_dim,lr,epochs
0,GraphSage,0.8552755187915279,0.8519971938633184,0:03:03.223048,60,1,64,0.0001,8000
