,gnn_style,r2_test,r2_train,run_time,l_x,l_y,hidden_dim,lr,epochs
0,ResGraphNet,0.988596067196139,0.9932670171626415,0:46:37.782962,60,1,64,0.0001,4000
