,gnn_style,r2_test,r2_train,run_time,l_x,l_y,hidden_dim,lr,epochs
0,GraphSage,0.66800046929916,0.6547800605341096,0:02:58.257976,60,1,64,0.0001,8000
