,ml_style,r2_test,r2_train,run_time,l_x,l_y
0,linear,0.6919121931689614,0.42157957674719426,0:00:00.628417,60,5
1,linear,0.75872893632075,0.47515084567524235,0:00:00.406256,60,1
