,ml_style,r2_test,r2_train,run_time,l_x,l_y
0,linear,0.8221818978937768,0.5785518412810138,0:00:00.052627,60,1
